2014,高塚清一,男,165
2538,高橋二朗,男,164
2787,藤井定美,男,171
2841,吉田稔,男,160
2844,田中伸二,男,160
2876,鈴木幸夫,男,163
2878,富山弘幸,男,163
2903,山崎毅,男,159
2907,土井内大助,男,165
2912,尾崎鉄也,男,165
2930,新良一規,男,164
2935,幸本誠,男,159
2941,田嶋茂,男,164
2942,瀬尾達也,男,160
2958,井川正人,男,158
2983,鵜飼菜穂子,女,162
2992,今村豊,男,162
3005,板谷茂樹,男,165
3006,上條信一,男,164
3020,若女井正,男,160
3022,西山昇一,男,168
3024,西島義則,男,166
3025,山口哲治,男,160
3036,吉本正昭,男,163
3044,三宅爾士,男,167
3051,山口俊英,男,166
3052,原田正己,男,161
3054,北川幸典,男,165
3058,原義昭,男,166
3064,山崎昭生,男,162
3065,増田弘喜,男,166
3066,田中定雄,男,159
3070,山室展弘,男,168
3072,西田靖,男,161
3073,北岡淳,男,165
3075,中村裕将,男,164
3079,新地雅洋,男,164
3081,岡本慎治,男,162
3105,内山文典,男,165
3107,平岡重典,男,163
3108,松本真吾,男,162
3117,長田光子,女,163
3122,高山哲也,男,165
3123,中西宏文,男,160
3138,椎名政浩,男,160
3141,山来和人,男,160
3142,西茂登子,女,158
3151,落合敬一,男,167
3153,前川竜次,男,159
3156,金子良昭,男,160
3158,島川光男,男,161
3159,江口晃生,男,164
3161,古場輝義,男,163
3164,森脇徹,男,159
3170,谷口勝,男,161
3175,渡辺千草,女,158
3176,長谷川巌,男,160
3177,宮本紀美,女,160
3182,久保田美紀,女,158
3186,沖悟,男,157
3187,篠原俊夫,男,158
3188,日高逸子,女,155
3200,熊谷直樹,男,159
3202,三品隆浩,男,159
3207,田村美和,女,156
3211,北川敏弘,男,163
3212,亀本勇樹,男,162
3220,二橋学,男,161
3224,栗山繁洋,男,161
3226,浦田信義,男,163
3227,長岡茂一,男,165
3231,吉田隆義,男,165
3232,山川美由紀,女,153
3233,小畑実成,男,163
3234,金森史吉,男,162
3235,鈴木唯由,男,164
3236,田上晋六,男,163
3243,佐野隆仁,男,160
3245,池上裕次,男,164
3246,星野政彦,男,161
3251,平石和男,男,164
3254,柳澤千春,女,156
3256,三角哲男,男,164
3257,田頭実,男,157
3261,大川茂実,男,162
3268,森竜也,男,161
3273,石田豪,男,157
3276,鈴木貴司,男,165
3277,齋藤勇,男,162
3280,垣内清美,女,161
3281,塚本太二郎,男,160
3282,池本輝明,男,162
3283,窪田好弘,男,163
3284,渡邊伸太郎,男,160
3286,坂東満,男,160
3289,高橋淳美,女,155
3290,倉谷和信,男,163
3293,宮内由紀英,男,161
3294,野中義生,男,160
3295,濱村芳宏,男,158
3296,高柳成聡,男,166
3297,藤丸光一,男,154
3298,定野久恵,女,156
3300,川崎智幸,男,161
3302,谷川里江,女,142
3303,渡辺豊,男,166
3304,烏野賢太,男,164
3305,小野信樹,男,162
3306,武田正紀,男,163
3307,上瀧和則,男,165
3310,金澤一洋,男,162
3313,本吉正樹,男,162
3315,広瀬聖仁,男,163
3319,山崎義明,男,166
3325,福本忠治,男,158
3327,野長瀬正孝,男,164
3331,新美恵一,男,164
3333,丸尾義孝,男,161
3334,角ひとみ,女,161
3335,小菅文隆,男,166
3336,遠藤晃司,男,167
3338,出本正博,男,163
3339,泉具巳,男,162
3340,池田雷太,男,167
3346,宮本裕之,男,164
3347,矢後剛,男,164
3349,吉田一郎,男,161
3350,藤本佳史,男,160
3352,小川晃司,男,161
3353,前田光昭,男,160
3355,橋谷田佳織,女,150
3357,福島陽子,女,162
3360,原田富士男,男,162
3361,岡部浩,男,155
3362,間嶋仁志,男,167
3370,坪内実,男,165
3372,加藤雅之,男,161
3376,萩原善行,男,166
3377,塚田修二,男,167
3381,滝沢芳行,男,162
3382,岩谷真,男,163
3385,渡邉睦広,男,163
3388,今垣光太郎,男,161
3391,鈴木茂正,男,164
3392,小森信雄,男,161
3393,行谷吉範,男,164
3398,有田岳,男,159
3400,樋江井愼祐,男,162
3401,上田隆章,男,159
3406,中里英夫,男,162
3409,三好一,男,160
3411,池上隆行,男,158
3412,鈴木博,男,167
3414,加瀬智宏,男,160
3415,松井繁,男,168
3417,河相秀行,男,157
3419,栗原謙治,男,162
3422,服部幸男,男,167
3424,松浦努,男,162
3425,中谷有希,男,164
3427,大賀広幸,男,162
3430,角浜修,男,163
3432,宮迫暢彦,男,157
3433,諏訪忠宏,男,164
3434,松尾宣邦,男,166
3435,寺田千恵,女,157
3436,柏野幸二,男,159
3439,大平誉史明,男,162
3441,土屋太朗,男,155
3442,宮武英司,男,167
3443,森秋光,男,159
3444,香月大介,男,159
3445,加藤高史,男,162
3448,高山秀雄,男,158
3454,井川大作,男,162
3455,谷本幸司,男,165
3456,松下潤,男,164
3458,東健介,男,164
3459,中野和裕,男,163
3460,堤健一,男,157
3461,渡邊哲也,男,165
3462,竹上真司,男,157
3463,乙津康志,男,154
3465,塚崎勝,男,159
3467,森弘行,男,167
3469,潮田浩子,女,151
3470,新田芳美,女,154
3471,赤峰和也,男,168
3473,石川真二,男,163
3474,松瀬弘美,女,150
3475,橋本久和,男,158
3477,近藤稔也,男,164
3478,嶋田貴支,男,164
3480,金子建二,男,163
3482,金子猛志,男,165
3483,入船幸子,女,152
3484,芝田浩治,男,168
3485,竹村祥司,男,162
3486,渋田治代,女,157
3488,柳田英明,男,162
3489,大場敏,男,165
3491,富永茂,男,165
3497,後藤浩,男,161
3498,白石浩二,男,154
3499,市川哲也,男,163
3501,川上昇平,男,164
3502,渡邉英児,男,167
3503,堂原洋史,男,164
3505,山田竜一,男,157
3506,宮西真昭,男,161
3507,藤井徹,男,166
3508,久富政弘,男,162
3509,道上千夏,女,166
3514,山一鉄也,男,162
3516,吉原聖人,男,164
3517,高橋勲,男,166
3518,倉田郁美,女,154
3519,冨田秀幸,男,160
3521,今村賢二郎,男,160
3522,長溝一生,男,165
3523,寳田亮治,男,164
3527,中嶋誠一郎,男,163
3528,笠野友紀恵,女,162
3529,松本勝也,男,162
3532,柴田光,男,167
3533,佐川正道,男,162
3534,野澤大二,男,164
3535,渡修平,男,166
3536,一色雅昭,男,161
3537,田山和広,男,158
3538,菊池峰晴,男,160
3539,金子順一,男,162
3541,三嶌誠司,男,159
3542,清水紀克,男,165
3543,福田雅一,男,165
3544,豊田訓靖,男,165
3546,中里昌志,男,165
3548,室田泰史,男,163
3550,都築正治,男,162
3551,藤田美代,女,151
3553,平池仁志,男,165
3554,仲口博崇,男,164
3555,野添貴裕,男,167
3556,田中信一郎,男,167
3557,太田和美,男,165
3558,山本浩次,男,167
3559,水長照雄,男,165
3560,太田克哉,男,163
3561,池田真治,男,164
3562,山下和彦,男,156
3563,堤昇,男,160
3564,桑原啓,男,158
3565,坂本徳克,男,166
3566,川添英正,男,160
3567,吉岡誠,男,164
3568,木村光宏,男,162
3569,増田進,男,163
3571,寺本武司,男,164
3572,安田政彦,男,166
3573,前本泰和,男,164
3574,大神康司,男,165
3575,田野邊秀樹,男,166
3576,白水勝也,男,165
3577,向所浩二,男,159
3578,塩田雄一,男,160
3579,中里優子,女,153
3580,水口由紀,女,157
3581,加木郁,男,162
3582,吉川昭男,男,167
3583,齋藤智裕,男,163
3584,佐々木英樹,男,163
3585,井川真人,男,163
3587,武田信一,男,172
3589,西村勝,男,157
3590,濱野谷憲吾,男,169
3591,後藤孝義,男,164
3592,橋本健造,男,165
3593,横井光弘,男,163
3594,塚原武之,男,167
3596,河上年昭,男,164
3600,玄馬徹,男,165
3602,奥平拓也,男,161
3604,武藤綾子,女,160
3605,中村守成,男,164
3606,川北浩貴,男,162
3607,原田智和,男,163
3611,岩崎芳美,女,158
3612,馬袋義則,男,168
3613,角谷健吾,男,161
3614,谷勝幸,男,160
3615,横田茂,男,168
3616,中村真,男,164
3617,竹田広樹,男,163
3618,海野ゆかり,女,164
3619,長谷川充,男,163
3620,信濃由行,男,162
3621,天野晶夫,男,160
3622,山崎智也,男,164
3623,深川真二,男,165
3624,大石和彦,男,166
3626,中林秀人,男,171
3627,井上恵一,男,163
3629,浅見昌克,男,165
3630,黒田誠司,男,165
3631,田添康介,男,170
3633,山本修次,男,170
3635,石田政吾,男,164
3636,坂野泰章,男,168
3637,齋藤和政,男,166
3641,一瀬明,男,168
3642,大塚浩二,男,160
3643,米田隆弘,男,166
3644,矢橋成介,男,160
3645,淺田千亜希,女,151
3647,伊藤雄二,男,165
3652,森下勇,男,169
3653,品川賢次,男,168
3654,武田光史,男,170
3655,本橋克洋,男,174
3656,伯母芳恒,男,168
3658,阪本聖秀,男,168
3659,藤生雄人,男,165
3660,長谷川親王,男,169
3661,柳瀬興志,男,164
3662,大庭元明,男,166
3663,木山和幸,男,161
3664,鈴木賢一,男,159
3666,内野省一,男,159
3668,市川猛,男,169
3670,古澤信二,男,165
3673,小林享,男,165
3674,岸恵子,女,156
3679,飯島昌弘,男,169
3680,森林太,男,161
3681,山谷央,男,170
3682,切田潤二,男,161
3683,小羽正作,男,165
3684,清水攻二,男,162
3685,荒井輝年,男,170
3686,鳥居塚孝博,男,159
3687,花田和明,男,164
3690,河合三弘,男,160
3691,加藤知弘,男,168
3692,竹腰正樹,男,164
3693,栢場優子,女,161
3694,木村恒一,男,167
3695,安東将,男,161
3696,白井友晴,男,165
3697,勝野竜司,男,165
3698,小巻良至,男,167
3699,富永正人,男,166
3701,大西隆洋,男,171
3702,貞兼淳二,男,163
3703,鳥飼眞,男,158
3704,本部めぐみ,女,156
3705,濱田隆浩,男,167
3708,岡部貴司,男,170
3709,田中浩之,男,161
3710,吉永泰弘,男,167
3711,江本真治,男,169
3712,淺香文武,男,169
3713,伊藤誠二,男,158
3714,梶原正,男,164
3715,倉尾大介,男,165
3716,石渡鉄兵,男,160
3717,立間充宏,男,165
3718,伊達正利,男,169
3719,辻栄蔵,男,169
3721,守田俊介,男,171
3722,西村秀樹,男,158
3723,白井弘文,男,169
3725,向達哉,男,168
3726,桂林寛,男,167
3729,松田英数,男,163
3730,塩崎優司,男,166
3731,高濱芳久,男,161
3734,宮田政勝,男,163
3736,岡本猛,男,172
3737,上平真二,男,167
3740,大澤普司,男,158
3741,松尾基成,男,163
3742,宮地秀祈,男,168
3743,林美憲,男,161
3744,徳増秀樹,男,166
3745,橋本年光,男,165
3746,岡瀬正人,男,161
3747,國崎良春,男,169
3748,小黒竜吾,男,168
3750,笠井広幸,男,164
3752,宇土泰就,男,168
3753,河上哲也,男,166
3755,吉村和也,男,171
3757,畑和宏,男,168
3759,前田義哲,男,162
3761,山本光雄,男,166
3762,豊田光紀,男,160
3769,佐竹恒彦,男,166
3771,折下寛法,男,173
3772,一柳和孝,男,163
3773,津留浩一郎,男,163
3775,泉啓文,男,162
3776,横井健太,男,172
3777,樋口亮,男,170
3778,安達美帆,女,161
3779,原田幸哉,男,172
3780,魚谷智之,男,162
3781,秋元誠,男,165
3783,瓜生正義,男,159
3784,中島友和,男,167
3787,天野誠,男,162
3788,一宮稔弘,男,162
3789,和田敏彦,男,154
3790,佐口達也,男,168
3791,川俣昌史,男,167
3792,田中豪,男,163
3793,高橋真吾,男,172
3795,金子龍介,男,162
3796,長野道臣,男,167
3797,岩井繁,男,168
3799,今泉和則,男,171
3800,牧宏次,男,165
3801,五反田忍,女,163
3802,森岡真希,女,154
3804,中渡修作,男,160
3805,高橋英之,男,159
3807,岡部哲,男,162
3808,秋田健太郎,男,165
3809,吉田光,男,161
3811,石田章央,男,167
3812,山崎聖司,男,172
3813,佐藤大介,男,162
3814,金子貴志,男,161
3815,森岡満郎,男,163
3819,大内裕樹,男,162
3820,樫葉次郎,男,164
3822,平尾崇典,男,169
3823,本部真吾,男,164
3825,宮嵜隆太郎,男,170
3826,村田修次,男,166
3827,今泉徹,男,165
3828,明石正之,男,160
3829,落合純,男,165
3831,安藤裕貴,男,159
3832,下田哲也,男,167
3833,中辻博訓,男,170
3834,細川明人,男,166
3837,秋山広一,男,167
3838,伊藤啓三,男,167
3839,川合理司,男,168
3841,佐々木和伸,男,171
3842,星野太郎,男,161
3843,上之晃弘,男,171
3845,中谷朋子,女,161
3846,藤井理,男,164
3848,川上聡介,男,168
3849,中岡正彦,男,167
3850,小川知行,男,164
3851,森田昭彦,男,169
3852,澤大介,男,160
3853,岩崎正哉,男,171
3854,吉川元浩,男,164
3855,大熊辰弥,男,171
3856,水野暁広,男,169
3857,阿波勝哉,男,165
3858,織田猛,男,172
3859,多羅尾達之,男,165
3860,松本浩貴,男,167
3863,海老澤泰行,男,166
3865,関道,男,165
3866,木山誠一,男,155
3867,松浦勝,男,164
3868,尾形栄治,男,167
3869,井芹大志,男,164
3870,寺嶋雄,男,170
3871,池田紫乃,女,153
3872,岡田憲行,男,170
3873,別府昌樹,男,159
3874,山本寛久,男,173
3875,廣中良一,男,167
3876,中辻崇人,男,158
3877,松浦博人,男,164
3878,胡本悟志,男,167
3879,中村格,男,166
3880,浅見宗孝,男,169
3881,浦上拓也,男,164
3882,新田智彰,男,166
3883,山根大樹,男,162
3884,豊田聡,男,161
3885,久田武,男,165
3888,山本英志,男,158
3889,須藤隆雄,男,168
3890,小宮淳史,男,169
3891,谷口健一,男,164
3892,草場康幸,男,163
3893,汐崎正則,男,170
3894,池田明美,女,162
3895,堀本裕也,男,162
3896,上田洋平,男,165
3897,白井英治,男,173
3898,平田忠則,男,167
3900,香川素子,女,157
3901,松田憲幸,男,164
3902,蜷川哲平,男,163
3903,白石健,男,166
3904,森貴洋,男,166
3905,天野友和,男,172
3906,飯山晃三,男,167
3907,村越篤,男,168
3908,重成一人,男,168
3909,佐々木康幸,男,168
3910,松下知幸,男,164
3911,鈴木猛,男,165
3912,川原正明,男,169
3915,繁野谷圭介,男,163
3916,深澤勉,男,167
3918,深井利寿,男,161
3919,村上純,男,170
3920,正木聖賢,男,169
3921,川村正輝,男,160
3922,菅沼佳昭,男,163
3925,大田誠,男,165
3926,大古場貴,男,159
3928,林恵祐,男,169
3929,杢野誓良,男,160
3930,岸本隆,男,167
3931,黒崎竜也,男,157
3932,池田浩美,女,162
3933,山地正樹,男,164
3934,鋤柄貴俊,男,168
3935,岩津徹郎,男,169
3936,三瀬譲,男,171
3939,渡辺真至,男,159
3940,飯山泰,男,163
3941,池田浩二,男,170
3942,寺田祥,男,166
3943,三松直美,女,162
3944,山口裕二,男,167
3945,橋口真樹,男,167
3946,赤岩善生,男,168
3947,寺本昇平,男,163
3948,大町利克,男,169
3949,今出晋二,男,162
3950,石川哲秀,男,168
3951,石川吉鎬,男,163
3952,中澤和志,男,167
3953,志道吉和,男,155
3955,眞田英二,男,161
3956,横澤剛治,男,166
3957,大谷直弘,男,166
3959,坪井康晴,男,165
3960,菊地孝平,男,166
3961,谷村一哉,男,169
3963,原田秀弥,男,159
3964,宮地博士,男,163
3965,北中元樹,男,167
3966,作間章,男,170
3967,鈴木茂高,男,170
3968,茶谷信次,男,163
3970,亀山高雅,男,161
3973,崎利仁,男,161
3974,深山祐二,男,166
3975,小野寺智洋,男,164
3976,内田圭,男,170
3977,山本兼士,男,161
3978,齊藤仁,男,167
3979,杉本洋一,男,165
3981,今坂晃広,男,164
3982,福田理,男,171
3983,須藤博倫,男,166
3984,坂口周,男,169
3986,沖島広和,男,160
3987,後藤正宗,男,163
3988,古川誠之,男,169
3989,熊本英一,男,169
3990,芹澤克彦,男,153
3992,関口智久,男,173
3993,永井聖美,女,155
3994,茶谷桜,女,161
3995,重野哲之,男,171
3996,秋山直之,男,169
3997,北村征嗣,男,170
3998,冨成謙児,男,163
3999,大瀧明日香,女,154
4000,松本博昭,男,167
4002,古結宏,男,166
4003,表憲一,男,159
4004,山本浩輔,男,165
4005,瀬川公則,男,167
4006,小野勇作,男,156
4007,榮田将彦,男,155
4008,中尾誠,男,162
4009,小林一樹,男,166
4010,越智照浩,男,167
4011,堀之内紀代子,女,158
4012,中村有裕,男,167
4013,中島孝平,男,160
4014,片岡恵里,女,161
4015,前野竜一,男,169
4016,西川新太郎,男,157
4017,向井美鈴,女,152
4019,笠原亮,男,170
4020,川上清人,男,165
4021,吉田健太郎,男,159
4022,待鳥雄紀,男,167
4023,柴田友和,男,159
4024,井口佳典,男,167
4025,山本隆幸,男,173
4026,小林晋,男,170
4027,松江秀徳,男,165
4028,田村隆信,男,172
4030,森高一真,男,170
4031,飯島誠,男,163
4033,伊藤将吉,男,169
4034,西原明生,男,170
4035,杉江浩明,男,165
4036,金田諭,男,172
4037,別府正幸,男,171
4038,田中健太郎,男,167
4039,村上功祐,男,168
4040,廣瀬将亨,男,169
4041,小林基樹,男,164
4042,丸岡正典,男,171
4043,桐本康臣,男,162
4044,湯川浩司,男,163
4045,佐々木裕美,女,162
4046,谷村啓司,男,166
4047,吉永浩則,男,168
4049,荒川健太,男,167
4050,田口節子,女,162
4051,清水敦揮,男,170
4052,興津藍,男,167
4053,芦澤望,男,167
4054,福嶋智之,男,166
4055,吉田俊彦,男,167
4056,小西英輝,男,166
4057,松井賢治,男,166
4058,野末智一,男,160
4059,入澤友治,男,160
4060,島田一生,男,164
4061,萩原秀人,男,166
4062,後藤陽介,男,162
4063,市橋卓士,男,164
4064,原田篤志,男,160
4065,金田幸子,女,156
4066,東本勝利,男,167
4067,永井源,男,162
4068,幸田智裕,男,168
4069,山本修一,男,161
4070,中村亮太,男,159
4071,古賀千晶,女,155
4072,森永淳,男,159
4073,大橋純一郎,男,166
4074,柳沢一,男,165
4075,中野次郎,男,171
4076,杉田篤光,男,166
4077,品田直樹,男,160
4078,渡辺史之,男,160
4079,出畑孝典,男,170
4080,山崎哲司,男,164
4081,樋口範政,男,170
4082,濱崎誠,男,167
4083,福島勇樹,男,166
4084,杉山正樹,男,168
4085,荻野裕介,男,159
4086,寺本重宣,男,161
4088,野田祥子,女,157
4089,妹尾忠幸,男,168
4090,中村尊,男,165
4091,荒田泰明,男,161
4092,岡部大輔,男,159
4093,吉田宗弘,男,162
4094,中島真二,男,163
4095,福来剛,男,166
4096,石橋道友,男,164
4097,貫地谷直人,男,160
4098,赤澤文香,女,157
4099,吉永則雄,男,162
4100,松田隆司,男,170
4101,三井所尊春,男,171
4102,益田啓司,男,164
4103,山崎善庸,男,161
4104,木下陽介,男,156
4105,松下直也,男,159
4106,坂井康嗣,男,164
4107,吉村茂樹,男,163
4108,吉村正明,男,161
4109,谷津幸宏,男,172
4110,小澤和也,男,169
4111,奥田誠,男,165
4112,大久保信一郎,男,170
4113,木村浩士,男,165
4114,深澤達徳,男,164
4116,川田正人,男,164
4117,廣中智紗衣,女,157
4118,宇佐見淳,男,168
4119,泥谷一毅,男,171
4120,柘植政浩,男,169
4121,富永修一,男,165
4122,安東幸治,男,168
4123,細川裕子,女,157
4124,池田雄一,男,161
4126,吉本玲緒,男,172
4128,川口貴久,男,165
4129,宇野博之,男,168
4131,原豊土,男,171
4133,高橋正男,男,164
4134,杉山貴博,男,165
4136,江夏満,男,165
4137,君島秀三,男,166
4138,中井俊祐,男,167
4139,丹下健,男,168
4140,梶野学志,男,165
4142,平野和明,男,160
4143,浦田晃嗣,男,166
4144,石塚久也,男,160
4145,小澤学,男,170
4146,柳橋宏紀,男,169
4148,枝尾賢,男,164
4150,山田雄太,男,173
4151,下河誉史,男,170
4152,深水慎一郎,男,168
4153,佐々木巌,男,167
4154,森安弘雅,男,162
4155,長野壮志郎,男,163
4156,浜野孝志,男,165
4158,木場雄二郎,男,162
4159,向後龍一,男,168
4161,黒柳浩孝,男,171
4162,竹本太樹,男,166
4163,山崎裕司,男,170
4164,岩永節也,男,162
4166,吉田拡郎,男,169
4167,片岡秀樹,男,166
4168,石野貴之,男,165
4169,多田有佑,男,172
4170,西坂香松,女,153
4171,榎幸司,男,166
4172,森定晃史,男,169
4173,岡谷健吾,男,170
4174,赤坂俊輔,男,166
4175,川尻泰輔,男,165
4176,樋口喜彦,男,158
4177,萬正嗣,男,166
4179,広次修,男,168
4180,上野秀和,男,168
4181,花本夏樹,男,171
4182,吉田和仁,男,166
4183,宇野弥生,女,159
4184,渡邊雄一郎,男,159
4185,藤原真也,男,172
4186,小川時光,男,167
4187,香川友尚,男,164
4188,久田敏之,男,168
4189,川上剛,男,168
4190,長嶋万記,女,165
4191,赤羽克也,男,167
4193,郷原章平,男,166
4194,齋藤篤,男,169
4195,前川守嗣,男,165
4196,田中太一郎,男,166
4197,渥美卓郎,男,170
4198,沼田克彦,男,164
4199,北川潤二,男,170
4200,早川尚人,男,165
4201,佐竹友樹,男,158
4202,浮田圭浩,男,166
4203,小倉康典,男,163
4204,柴田大輔,男,162
4205,山口剛,男,161
4207,松下一也,男,167
4208,三浦永理,女,157
4209,藤田竜弘,男,173
4210,松村康太,男,154
4211,村田敦,男,163
4212,宮地孝四朗,男,170
4213,重富伸也,男,172
4214,林祐介,男,165
4215,吉島祥之,男,170
4216,星栄爾,男,155
4218,吉川喜継,男,171
4219,本岡勝利,男,166
4220,深川和仁,男,164
4221,南部圭史,男,169
4222,山口高志,男,167
4224,大橋栄里佳,女,156
4225,土屋千明,女,157
4226,村田浩司,男,164
4227,安達裕樹,男,166
4228,吉田慎二郎,男,170
4229,市川美宏,男,169
4230,濱崎直矢,男,168
4231,鈴木裕隆,男,170
4232,笠雅雄,男,166
4233,亀山雅幸,男,165
4234,野相弘司,男,170
4236,松村敏,男,170
4237,大峯豊,男,171
4238,毒島誠,男,163
4239,竹田辰也,男,160
4240,今井裕梨,女,151
4241,大串重幸,男,164
4243,西村歩,女,165
4244,鈴木成美,女,151
4245,高橋直哉,男,168
4246,喜多那由夏,女,155
4247,齊藤優,男,164
4248,岡本大,男,169
4249,曾根孝仁,男,171
4250,藤川利文,男,170
4251,川崎誠志,男,170
4252,松下哲也,男,170
4253,西川真人,男,171
4254,川島圭司,男,166
4256,渡辺浩司,男,167
4257,古川健,男,168
4258,関根彰人,男,169
4259,真庭明志,男,161
4260,中越博紀,男,167
4261,岡祐臣,男,167
4262,馬場貴也,男,167
4263,武重雄介,男,172
4264,長尾章平,男,166
4265,村上祐次,男,168
4266,長田頼宗,男,168
4268,和合俊介,男,168
4269,杉山裕也,男,167
4270,岸本雄貴,男,160
4271,川崎公靖,男,164
4272,大場広孝,男,171
4273,佐藤旭,男,161
4274,長畑友輔,男,168
4275,菅野はやか,女,159
4276,鈴木勝博,男,168
4277,金田大輔,男,166
4278,藤岡俊介,男,166
4281,大澤大夢,男,164
4282,中西裕子,女,161
4283,石井裕美,女,153
4284,山本良一,男,162
4285,伴将典,男,164
4286,平田さやか,女,167
4287,今井貴士,男,163
4288,永田啓二,男,171
4289,落合直子,女,151
4290,稲田浩二,男,169
4292,麻生慎介,男,165
4293,鈴木智啓,男,170
4294,古賀繁輝,男,163
4295,小坂尚哉,男,170
4296,岡崎恭裕,男,172
4297,山田哲也,男,170
4298,宮下元胤,男,168
4299,中島浩哉,男,168
4300,加藤綾,女,160
4301,関裕也,男,167
4302,西野翔太,男,165
4303,牧原崇,男,165
4304,藤崎小百合,女,159
4305,金子拓矢,男,168
4306,畔柳俊吾,男,170
4307,村上橋蔵,男,167
4308,河村了,男,167
4309,坂口明義,男,160
4310,横家翔一,男,172
4311,岡村仁,男,167
4313,西村美智子,女,157
4314,青木幸太郎,男,168
4315,山崎昂介,男,167
4316,山口裕太,男,166
4317,木村紗友希,女,153
4318,桑原将光,男,163
4319,三宅潤,男,164
4320,峰竜太,男,171
4321,岩田優一,男,170
4322,永瀬巧,男,169
4323,山田佑樹,男,169
4324,海野康志郎,男,173
4325,新出浩司,男,169
4327,加藤翔,男,159
4329,小松卓司,男,161
4330,奈須啓太,男,159
4331,三好勇人,男,170
4332,村上彰一,男,168
4333,村田友也,男,168
4335,若林将,男,170
4336,松田竜馬,男,166
4337,平本真之,男,159
4338,白石佳江,女,160
4339,平瀬城啓,男,164
4340,土性雅也,男,162
4342,谷野錬志,男,167
4343,村岡賢,男,165
4344,新田雄史,男,168
4345,西舘健,男,169
4346,前田健太郎,男,167
4347,魚谷香織,女,154
4348,宮崎奨,男,171
4349,犬童千秋,女,157
4350,篠崎元志,男,169
4351,里岡右貴,男,161
4352,下條雄太郎,男,166
4353,下出秀明,男,172
4354,古川舞,女,156
4355,小川広大,男,171
4356,長岡良也,男,167
4357,田中和也,男,165
4358,松本庸平,男,164
4359,横川聖志,男,169
4360,庄司孝輔,男,167
4361,柳生泰二,男,165
4362,土屋智則,男,164
4363,大野芳顕,男,169
4364,池永太,男,169
4365,盛本真輔,男,169
4366,前沢丈史,男,170
4367,山口修路,男,165
4368,山口隆史,男,165
4369,丹下将,男,170
4370,山口達也,男,168
4371,西山貴浩,男,169
4372,原田佑実,女,161
4373,若狭奈美子,女,157
4374,永田義紘,男,168
4375,照屋厚仁,男,160
4376,藤田靖弘,男,166
4377,濱本優一,男,170
4379,桑島和宏,男,162
4380,鈴木峻佑,男,168
4381,田路朋史,男,163
4382,高山智至,男,172
4383,竹田吉行,男,169
4384,鶴本崇文,男,165
4385,鈴木祐美子,女,154
4387,平山智加,女,156
4388,是澤孝宏,男,168
4389,伊藤喜智,男,162
4390,松本弓雄,男,169
4391,松田祐季,男,164
4393,田中孝明,男,165
4394,永嶋裕一,男,167
4395,下河雅史,男,171
4396,大田直弥,男,161
4397,西村拓也,男,164
4398,船岡洋一郎,男,169
4399,松本晶恵,女,155
4400,加藤奈月,女,157
4401,小林泰,男,168
4402,乙藤智史,男,169
4403,木下大將,男,168
4404,岸蔭亮,男,166
4405,南野利騰,男,162
4406,幸野史明,男,164
4407,鹿島敏弘,男,172
4408,仁科さやか,女,161
4409,坂元浩仁,男,170
4410,井上大輔,男,161
4411,沢田昭宏,男,171
4413,水摩敦,男,161
4414,大澤真菜,女,151
4415,下出卓矢,男,168
4416,三宅健太,男,168
4417,服部剛,男,164
4418,茅原悠紀,男,171
4419,原加央理,女,156
4420,津久井拓也,男,169
4421,森作広大,男,167
4422,永井亮次,男,172
4423,坂口貴彦,男,165
4424,松尾昂明,男,166
4425,大井清貴,男,165
4427,秦英悟,男,166
4428,有賀達也,男,167
4429,豊田泰洋,男,168
4430,永田秀二,男,165
4431,石塚裕介,男,170
4432,黄金井力良,男,172
4433,川野芽唯,女,163
4434,田中辰彦,男,168
4435,服部達哉,男,164
4436,渋谷明憲,男,160
4437,中田元泰,男,171
4438,森作雄大,男,164
4439,近藤友宝,男,170
4440,萩原知哉,男,163
4441,末永由楽,男,162
4442,松竹大輔,男,168
4443,津田裕絵,女,157
4444,桐生順平,男,160
4445,宮地元輝,男,169
4446,和田兼輔,男,163
4447,深川麻奈美,女,160
4448,青木玄太,男,156
4449,中嶋達也,男,165
4450,平高奈菜,女,160
4451,松崎祐太郎,男,169
4452,松尾祭,男,163
4453,永田郁弥,男,163
4456,鎌倉涼,女,159
4457,神田達也,男,168
4458,抹香雄三,男,168
4459,片岡雅裕,男,155
4460,後藤翔之,男,168
4461,安田吉宏,男,164
4462,夏山亮平,男,170
4463,三苫晃幸,男,166
4464,山下友貴,女,152
4465,大西賢,男,162
4466,南佑典,男,158
4467,渡邉俊介,男,158
4468,大池佑来,男,159
4469,土山卓也,男,168
4470,平田健之佑,男,165
4471,新田泰章,男,159
4472,尾嶋一広,男,165
4473,藤堂里香,女,152
4474,渡辺崇,男,169
4475,末永祐輝,男,160
4477,篠崎仁志,男,166
4478,櫻本あゆみ,女,154
4479,矢野真梨菜,女,156
4482,守屋美穂,女,153
4483,北野輝季,男,172
4484,稲生夏季,女,154
4485,楠原正剛,男,170
4486,野村誠,男,163
4487,三原司,男,161
4488,小山勉,男,164
4489,岩川仁士,男,165
4491,田中堅,男,161
4492,本多宏和,男,165
4494,河合佑樹,男,164
4495,森晋太郎,男,164
4496,内堀学,男,166
4497,桑原悠,男,167
4498,宮本夏樹,男,174
4499,滝川真由子,女,158
4500,山田康二,男,167
4501,樋口由加里,女,145
4502,遠藤エミ,女,154
4503,上野真之介,男,167
4504,前田将太,男,168
4505,島田賢人,男,161
4506,稗田聖也,男,163
4508,野間大樹,男,170
4509,平見真彦,男,167
4510,坂本奈央,女,158
4511,中岡健人,男,161
4512,高野哲史,男,169
4513,河野真也,男,169
4514,上條嘉嗣,男,167
4515,藤田浩人,男,158
4516,野口勝弘,男,163
4518,大須賀友,男,165
4519,清水沙樹,女,155
4520,高倉孝太,男,164
4521,小池公生,男,161
4522,古澤光紀,男,165
4523,中村辰也,男,167
4524,深谷知博,男,164
4525,真子奈津実,女,157
4526,池田雄祐,男,167
4527,高野心吾,男,168
4528,黒井達矢,男,168
4529,嶋義信,男,166
4530,小野生奈,女,155
4531,武富智亮,男,163
4532,秋元哲,男,157
4533,峰重侑治,男,170
4534,坂咲友理,女,149
4535,北山康介,男,164
4536,喜井つかさ,女,159
4537,渡邉和将,男,167
4538,笠置博之,男,174
4539,金子賢志,男,162
4540,相原利章,男,165
4542,高木圭右,男,163
4543,重木輝彦,男,171
4544,松田大志郎,男,160
4545,岡村慶太,男,167
4546,浜田亜理沙,女,162
4547,中田竜太,男,167
4548,篠木亜衣花,女,152
4549,小林文彦,男,165
4550,石岡将太,男,167
4551,三川昂暁,男,160
4552,杉山勝匡,男,159
4553,坪口竜也,男,166
4555,富永大一,男,158
4556,竹井奈美,女,152
4557,松尾光広,男,161
4558,宮野仁,男,167
4560,庄司樹良々,男,168
4561,藤山翔大,男,169
4562,阪本勇介,男,167
4563,齋藤真之,男,167
4564,山本景士郎,男,170
4565,西村豪洋,男,167
4566,塩田北斗,男,166
4567,上村慎太郎,男,168
4568,廣瀬真也,男,163
4569,中澤宏奈,女,164
4570,前田聖文,男,165
4571,菅章哉,男,159
4572,渡部悟,男,163
4573,佐藤翼,男,169
4574,東潤樹,男,161
4575,戸塚邦好,男,169
4578,藤山雅弘,男,167
4579,中嶋健一郎,男,162
4580,長谷川雅和,男,169
4581,吉村誠,男,163
4583,古田祐貴,男,167
4584,村岡賢人,男,163
4585,渡邉千晴,女,149
4586,磯部誠,男,172
4587,木田峰由季,男,164
4588,田中京介,男,164
4589,塩崎桐加,女,161
4590,渡邉優美,女,161
4592,小林孝弘,男,166
4593,小坂宗司,男,169
4594,谷川祐一,男,165
4596,葛原大陽,男,167
4598,加藤政彦,男,162
4600,井内将太郎,男,167
4601,森野正弘,男,167
4602,三上泰教,男,163
4603,谷川将太,男,167
4604,岩瀬裕亮,男,164
4605,森世里,女,162
4607,鶴田勇雄,男,164
4608,荒井翔伍,男,158
4610,佐藤大佑,男,165
4611,今井美亜,女,157
4614,石倉洋行,男,170
4615,板倉敦史,男,169
4618,乃村康友,男,166
4619,伏田裕隆,男,163
4622,出村卓也,男,167
4623,中北将史,男,162
4624,高田明,男,172
4625,渡邊裕貴,男,167
4626,伊藤紘章,男,163
4627,藤原菜希,女,157
4630,岩永雅人,男,171
4631,新井英孝,男,170
4632,長尾京志郎,男,161
4633,森智也,男,166
4635,峰重力也,男,171
4636,赤池修平,男,160
4637,中田友也,男,167
4638,小林遼太,男,173
4639,雑賀勇貴,男,166
4640,山ノ内雅人,男,173
4641,磯村匠,男,168
4642,松尾夏海,女,156
4643,近江翔吾,男,167
4644,山田亮太,男,167
4645,上村純一,男,171
4648,木村亮太,男,159
4649,和田操拓,男,157
4650,中山雄太,男,166
4651,佐藤大騎,男,162
4652,酒見峻介,男,159
4653,小野達哉,男,160
4654,篠田優也,男,172
4656,大崎翔,男,170
4657,江崎一雄,男,169
4659,木下翔太,男,172
4660,宇田川信一,男,165
4661,中島昂章,男,167
4662,片山雅雄,男,171
4663,籾山佳岳,男,167
4664,東口晃,男,166
4665,加藤啓太,男,171
4666,日笠勝弘,男,164
4668,楠本晃嗣,男,159
4669,井上茂,男,163
4670,芦村幸香,女,156
4672,守屋大地,男,162
4673,伊藤葵和子,女,155
4674,池田剛規,男,165
4675,井手良太,男,168
4676,後藤隼之,男,173
4677,片橋幸貴,男,172
4678,水野望美,女,158
4679,植田太一,男,172
4680,後藤美翼,女,156
4681,太田潮,男,169
4682,大上卓人,男,168
4683,向井田直弥,男,171
4684,楠原翔太,男,168
4685,島村隆幸,男,165
4686,丸野一樹,男,166
4687,宮地佐季,女,150
4688,永井彪也,男,165
4689,豊田結,女,159
4690,高石梨菜,女,164
4691,水原慎,男,166
4692,酒井俊弘,男,167
4693,松下誉士,男,158
4694,高田綾,女,151
4695,尾崎雄二,男,168
4697,國弘翔平,男,156
4699,八十岡恵美,女,152
4700,金子和之,男,168
4702,三浦敬太,男,165
4703,森永隆,男,164
4704,河野大,男,162
4705,吉川勇作,男,172
4706,三浦洋次朗,男,165
4708,半田尚也,男,170
4709,岡村将也,男,163
4710,福田宗平,男,160
4711,前出達吉,男,159
4712,冨好祐真,男,171
4713,白神優,男,168
4714,喜多須杏奈,女,157
4715,村上遼,男,157
4718,北川太一,男,158
4719,上條暢嵩,男,168
4720,西澤日花里,女,148
4721,金光佑治,男,162
4722,竹野未華,女,164
4723,寺島吉彦,男,157
4724,吉田祐貴,男,163
4725,佐竹太一,男,166
4726,島田なぎさ,女,158
4727,安部慎一,男,168
4728,山口亮,男,168
4729,佐藤謙史朗,男,158
4730,土屋実沙希,女,154
4731,間野兼礼,男,167
4732,堀本和也,男,167
4733,赤井睦,女,161
4734,安河内将,男,169
4735,角山雄哉,男,161
4736,高倉和士,男,169
4737,竹井貴史,男,170
4738,清埜翔子,女,160
4739,中村晃朋,男,168
4740,齋藤達希,男,168
4742,横田悠衣,女,156
4743,木村仁紀,男,164
4744,伊藤玲奈,女,152
4745,関野龍,男,158
4746,大豆生田蒼,女,154
4747,山戸信二,男,160
4748,渡邉雄朗,男,170
4749,山口貢輝,男,171
4750,井上尚悟,男,163
4751,鈴木諒祐,男,156
4752,西尾亮輔,男,153
4753,森照夫,男,171
4754,松尾充,男,169
4755,山田貴愛,男,171
4756,渡邉昌成,男,167
4757,山田祐也,男,170
4758,富樫麗加,女,162
4759,今泉友吾,男,165
4760,山崎郡,男,167
4761,山田晃大,男,167
4762,藤原啓史朗,男,170
4764,小池礼乃,女,155
4765,野田部宏子,女,164
4766,石井孝之,男,166
4767,米井里実,女,157
4768,田代元気,男,163
4769,馬場剛,男,168
4770,小野真歩,女,155
4771,下寺秀和,男,164
4772,石丸海渡,男,165
4773,中川りな,女,161
4775,千葉真弥,女,164
4776,竹田和哉,男,170
4778,堤啓輔,男,169
4779,伊倉光,男,166
4780,マイケル田代,男,162
4781,西舘果里,女,163
4782,浜崎準也,男,171
4783,木村詳子,女,161
4784,向井田真紀,女,157
4786,佐藤博亮,男,170
4787,椎名豊,男,164
4788,小池哲也,男,172
4789,古賀智之,男,170
4790,柳内敬太,男,161
4791,黒澤めぐみ,女,164
4792,杉村賢也,男,173
4793,金子萌,男,169
4794,和田拓也,男,170
4796,春園功太,男,164
4797,中山将,男,167
4798,浜先真範,男,165
4799,大山大我,男,161
4800,小寺拳人,男,163
4802,中田達也,男,169
4803,飯田庄吾,男,173
4804,高田ひかる,女,157
4805,今林由喜,男,173
4806,佐藤享子,女,166
4807,岡悠平,男,165
4808,松尾拓,男,169
4809,外崎悟,男,168
4811,向井田佑紀,男,170
4812,西野雄貴,男,165
4813,宮内直哉,男,169
4814,加藤裕太,男,172
4815,伏島祐介,男,172
4816,村松修二,男,163
4817,渡邉翼,男,158
4818,伏見俊介,男,171
4819,蜂須瑞生,女,159
4820,上野励,男,168
4821,妻鳥晋也,男,171
4822,百武翔,男,160
4823,中村桃佳,女,156
4824,松井洪弥,男,165
4825,倉持莉々,女,168
4826,井上一輝,男,157
4828,松山将吾,男,164
4829,塚脇奈美,女,150
4830,勝又桜,女,154
4831,羽野直也,男,166
4832,権藤俊光,男,171
4833,吉崎悠司,男,168
4834,浜本裕己,男,168
4835,橋本明,男,162
4836,大谷健太,男,163
4837,酒井陽祐,男,166
4838,彦坂真太郎,男,167
4839,四宮与寛,男,166
4840,鈴木秀茉,男,165
4841,高橋悠花,女,165
4842,山下昂大,男,162
4843,深尾巴恵,女,157
4844,村上奈穂,女,156
4845,前田紗希,女,158
4846,佐藤駿介,男,168
4847,佐藤隆太郎,男,166
4848,仲谷颯仁,男,163
4849,森田太陽,女,160
4850,野中一平,男,160
4851,関浩哉,男,158
4852,川原祐明,男,164
4853,前原哉,女,155
4854,大橋由珠,女,159
4855,江頭賢太,男,170
4856,豊田健士郎,男,167
4857,加藤翔馬,男,172
4859,染川直哉,男,164
4860,伏見卓,男,167
4861,田中宏樹,男,162
4862,武藤直志,男,162
4863,三浦裕貴,男,170
4864,小川日紀太,男,162
4865,立具敬司,男,170
4866,橋本英一,男,164
4867,松山靖,男,171
4868,松本峻,男,168
4870,新田有理,女,152
4871,菊池宏志,男,169
4872,山下流心,男,168
4873,蒲原健太,男,154
4874,池田奈津美,女,162
4875,大塚康雅,男,165
4876,梅木敬太,男,164
4877,鈴谷一平,男,176
4878,西岡育未,女,158
4879,山崎鉄平,男,164
4880,澤崎雄哉,男,165
4881,檀将太,男,166
4882,瀧川千依,女,155
4883,岡部大輝,男,166
4884,勝浦真帆,女,154
4885,大山千広,女,161
4886,入海馨,男,169
4887,富澤祐作,男,168
4888,金児隆太,男,165
4889,後藤盛也,男,168
4890,石川諒,男,163
4891,寺島美里,女,151
4892,柴田直哉,男,166
4893,渡邉真奈美,女,158
4894,原村拓也,男,173
4895,門間雄大,男,169
4896,花本剛,男,165
4897,深見亜由美,女,149
4898,菊地敬介,男,165
4899,占部一真,男,169
4900,中田夕貴,女,154
4901,出口舞有子,女,157
4902,山川雄大,男,163
4903,吉田凌太朗,男,166
4904,松本一毅,男,165
4905,土井祥伍,男,165
4906,鈴木雅希,男,167
4907,小池修平,男,173
4908,上田龍星,男,168
4909,薮内瑞希,女,148
4910,中村泰平,男,160
4911,片岡大地,男,164
4912,中山将太,男,170
4913,清水さくら,女,157
4914,吉田裕平,男,166
4915,彦坂径冶,男,172
4916,中村聡志,男,173
4917,岩橋裕馬,男,165
4918,川島拓郎,男,162
4919,吉田翔悟,男,168
4920,桐村翔太,男,171
4921,二宮博貴,男,166
4923,末武里奈子,女,153
4924,中北涼,女,147
4925,森悠稀,男,166
4926,吉川貴仁,男,165
4927,関野文,女,149
4928,栗城匠,男,166
4929,梅内夕貴奈,女,158
4930,佐藤悠,男,166
4931,木谷賢太,男,162
4932,新開航,男,165
4933,板橋侑我,男,170
4934,佐々木翔斗,男,166
4936,戸敷晃美,女,159
4937,山本宝姫,女,160
4938,小芦るり華,女,160
4939,宮之原輝紀,男,161
4940,白石有美,女,163
4941,孫崎百世,女,154
4942,柴田朋哉,男,165
4943,八木治樹,男,162
4944,田代達也,男,167
4945,上村宏太,男,165
4946,船越健吾,男,166
4947,間庭菜摘,女,161
4948,木場悠介,男,170
4949,横田貴満,男,160
4950,高岡竜也,男,159
4951,新田洋一,男,170
4952,吉武真也,男,165
4953,尾上雅也,男,170
4954,内山峻輔,男,175
4955,福田慶尚,男,160
4956,齊藤大将,男,171
4957,竹之内極,男,164
4958,溝口海義也,男,168
4959,井上忠政,男,172
4960,黒野元基,男,160
4961,西橋奈未,女,155
4962,畑竜生,男,159
4963,實森美祐,女,155
4964,土屋南,女,162
4965,福岡泉水,女,156
4966,田川大貴,男,165
4967,中村魁生,男,165
4968,宮崎光基,男,167
4969,町田洸希,男,169
4970,井町泰,男,164
4971,秦直也,男,165
4972,横川光弥,男,168
4973,栗原直也,男,166
4974,安井瑞紀,女,159
4976,金山立樹,男,165
4977,馬野耀,男,168
4978,山田和佐,男,163
4979,中野夢斗,男,164
4980,佐々木完太,男,162
4981,牧山敦也,男,161
4982,中村将隆,男,169
4983,前田篤哉,男,173
4984,森下愛梨,女,162
4985,井本昌也,男,167
4986,西山祐希,男,166
4987,島倉都,女,156
4988,牟田奨太,男,165
4989,石原翼,男,160
4990,田中博子,女,160
4991,宗行治哉,男,164
4992,廣瀬篤哉,男,170
4993,下野京香,女,162
4994,山本梨菜,女,163
4995,田邉亮蔵,男,172
4996,中尾智博,男,158
4997,濱崎寿里矢,女,159
4998,中村かなえ,女,161
4999,沓名貴輝,男,164
5000,岡本翔太郎,男,162
5001,坂本雅佳,男,168
5002,上田健太,男,171
5003,来田衣織,女,156
5004,河野主樹,男,162
5005,石田貴洋,男,173
5006,久保原秀人,男,174
5007,近藤雄一郎,男,167
5008,羽野諒,男,167
5009,大賀龍之介,男,168
5010,宇留田翔平,男,170
5011,高木圭大,男,166
5012,加倉侑征,男,158
5013,山下夏鈴,女,159
5014,梶山涼斗,男,165
5015,高橋竜矢,男,165
5016,宮田龍馬,男,165
5017,澤田尚也,男,163
5018,竹下大樹,男,169
5019,柴田百恵,女,155
5020,宮村勇哉,男,171
5021,計盛光,女,158
5022,伊藤尚汰,男,160
5023,久永祥平,男,163
5024,古場健也,男,167
5025,粟田祥,男,170
5026,安河内健,男,171
5027,重冨勇哉,男,164
5028,原田才一郎,男,167
5029,中亮太,男,161
5030,金子千穂,女,154
5031,渡辺空依,男,168
5032,谷口知優,男,164
5033,藤原孝斗,男,167
5034,若林義人,男,167
5035,櫻井優,男,168
5036,福田翔吾,男,161
5037,田頭虎親,男,163
5038,金田智博,男,167
5039,倉田茂将,男,163
5040,木村颯,男,171
5041,荒牧凪沙,男,168
5042,畑田汰一,男,173
5043,中村日向,男,163
5044,渡邉健,男,170
5045,平川香織,女,151
5046,松山裕基,男,163
5047,國分将太郎,男,161
5048,眞鳥康太,男,167
5049,松井友汰,男,169
5050,木下雄介,男,162
5051,松本純平,男,165
5052,赤井星璃菜,女,164
5053,山口広樹,男,167
5054,佐々木大河,男,159
5055,眞鳥章太,男,172
5056,西岡成美,女,158
5057,上田紗奈,女,156
5058,前原大道,男,163
5059,冨田祥,男,165
5060,数原魁,男,159
5061,中村駿平,男,164
5062,田嶋塁,男,158
5063,大塚雅治,男,174
5064,品川二千翔,男,162
5065,伊久間陽優,男,166
5066,鈴木孝明,男,170
5067,山田真聖,男,167
5068,前田滉,男,167
5069,山崎小葉音,女,147
5070,中島航,男,175
5071,野見山拓己,男,165
5072,吉田杏美,女,166
5073,上原健次郎,男,157
5074,大澤誠也,男,163
5075,中島秀治,男,170
5076,石原光,男,161
5077,滝沢崚,男,166
5078,山川波乙,女,154
5079,大石真央,女,150
5080,鈴木慶太,男,160
5081,篠原飛翔,男,170
5082,一色凌雅,男,166
5083,柳瀬幹太,男,165
5084,末永和也,男,171
5085,中村栄治,男,160
5086,本村大,男,172
5087,佐藤航,男,163
5088,高憧四季,女,157
5089,前田翔,男,167
5090,生方靖亜,男,167
5091,為本智也,男,165
5092,篠原晟弥,男,165
5093,浦野海,男,167
5094,生田波美音,女,165
5095,小原聡将,男,160
5096,上原崚,男,165
5097,東本千佳,女,157
5098,大江純,男,169
5099,原田俊法,男,161
5100,栗原一馬,男,173
5101,表健太,男,168
5102,原田雄次,男,166
5103,芝田京介,男,166
5104,山田丈,男,165
5105,富田恕生,男,164
5106,山崎祥,男,158
5107,松本真広,男,161
5108,柴田愛梨,女,156
5109,川崎智稔,男,158
5110,杉山喜一,男,170
5111,三村岳人,男,169
5112,砂長知輝,男,168
5113,黒明花夢,女,157
5114,小林孝彰,男,163
5115,香川颯太,男,166
5116,金子七海,女,158
5117,冨名腰桃奈,女,141
5118,野田なづき,女,156
5119,真田翔磨,男,165
5120,山本稔太朗,男,160
5121,定松勇樹,男,167
5122,相馬翔,男,170
2883,柾田敏行,男,155
3085,川名稔,男,156
3135,山口博司,男,160
3136,渋谷正義,男,160
3174,古賀勝則,男,157
3265,今村暢孝,男,163
3343,齊藤寛人,男,160
3365,野田貴博,男,163
3601,田村勇一,男,159
3794,前田昭広,男,165
3818,山崎康弘,男,167
3847,鈴木孝之,男,169
4125,内田亜希子,女,159
4160,浅野由将,男,164
4490,椎原健,男,167
4559,西川昌希,男,166
4629,遠藤ゆみ,女,151
4696,齋藤竜次,男,164
4701,福本悠,男,164
4741,中村直喜,男,161
4763,清水敬太,男,159
4774,丸山龍太郎,男,159
4777,五十嵐一聡,男,160
4785,木幡純也,男,173
2785,水野要,男,162
2816,陶山秀徳,男,163
3137,岩井範光,男,164
3189,矢野素也,男,163
3214,中西長松,男,160
3358,桑原明,男,164
3379,打越晶,男,165
3397,沖本健二,男,156
3407,道見数成,男,160
3408,大貫英治,男,166
3476,中村稔宏,男,156
3493,小島幸弘,男,159
3552,片山竜輔,男,166
3608,森仁志,男,160
3628,石間徹,男,164
3648,原田通雅,男,169
3824,中村智也,男,170
3835,三野勝重,男,162
3862,松元弥佑紀,男,165
4541,牛田祥二,男,169
4612,志々目裕樹,男,164
4667,土屋幸宏,男,169
4671,三好祐樹,男,161
2698,角川政志,男,159
2820,久間繁,男,164
2969,久田正晴,男,161
2995,小神野紀代子,女,158
3090,土屋昭,男,160
3278,山田豊,男,163
3309,大塚信行,男,165
3317,大山博美,女,154
3344,中島浩喜,男,166
3404,矢崎誠一,男,163
3540,大橋庸志,男,160
3588,新藤哲三,男,168
3609,泉祥史,男,166
3782,伊藤宏,男,166
3817,森脇まどか,女,150
3830,萩原篤,男,168
3924,平井紀之,男,167
3980,青木義一,男,169
4147,石田一吉,男,167
4577,渡邊佳子,女,162
4591,坂井田晃,男,164
4646,赤羽大樹,男,170
4698,高山隆成,男,162
4716,近久大志,男,167
4810,後藤麦,男,163
4922,小林祐介,男,168
2568,中村義雄,男,152
2910,片山晃,男,158
3010,大嶋一也,男,163
3128,鳥居智恵,女,152
3171,田川忠志,男,166
3225,松村昌子,女,157
3329,作野恒,男,155
3373,黒瀬三幸,男,161
3452,吉田徳夫,男,164
3472,浅和重哉,男,162
3632,江並浩一,男,170
3798,稲毛正剛,男,157
4087,吉田敦志,男,165
4291,山崎紳弘,男,166
4341,足立かなえ,女,157
4597,牧宏和,男,166
4606,喜川照正,男,167
4613,竹内吉弘,男,164
4616,小川真人,男,166
4617,若林友,男,168
4621,坂田麻衣,女,159
4655,三宅諒,男,164
4658,古賀雅晟,男,172
4975,神開一輝,男,174
5123,福山恵里奈,2,女
5124,上瀧絢也,1,男
5125,高井雄基,1,男
5126,山下大輝,1,男
5127,沼田大都,1,男
5128,坪井爽佑,1,男
5129,山口真喜子,2,女
5130,上野拓馬,1,男
5131,江藤敦宏,1,男
5132,中野希一,1,男
5133,堀越雄貴,1,男
5134,大原祥昌,1,男
5135,仲航太,1,男
5136,濱野斗馬,1,男
5137,川原涼,1,男
5138,村本大成,1,男
5139,大場恒季,1,男
5140,吉田彩乃,2,女
5141,大澤風葵,1,男
5142,常住蓮,1,男
5143,常盤海心,1,男
5144,中尾彩香,2,女
5145,島川海輝,1,男
5146,野田彩加,2,女
5147,田中勇輔,1,男
5148,松本怜,2,女
5149,小形綾,2,女
5150,坂本雄紀,1,男
5151,山下奈緒,2,女
5152,丸山祐也,1,男
5153,佐藤ほのか,2,女
5154,村松栄太,1,男
5155,内山七海,2,女
5156,坂野さくら,2,女
5157,市川健太,1,男
5158,宮脇遼太,1,男
5159,笠間憲哉,1,男
5160,藤森陸斗,1,男
5161,登玉隼百,1,男
5162,松尾怜実,2,女
5163,清水愛海,2,女
5164,森田梨湖,2,女
5165,小林愛実,2,女
5166,仲道大輔,1,男
5167,小川竜太朗,1,男
5168,池田なな,2,女
5169,堀本翔太,1,男
5170,佐藤太亮,1,男
5171,清水未唯,2,女
5172,田村慶,1,男
5173,谷口佳蓮,2,女
5174,川井萌,2,女
5175,島崎丈一朗,1,男
